Name,Email,Address,Phone number,Comments
Heather James,parrishmary@hotmail.com,"14461 Mullins Key
New Lori, MT 05072",001-590-745-6034x345,-
Claudia Medina,cynthiawhite@hotmail.com,"391 Jessica Port
Shannonhaven, KY 70957",(532)819-2714,-
Katherine Orozco,dyerstephanie@yahoo.com,"221 French Unions Suite 949
Levineshire, MI 11334",001-289-286-5571,-
Kelly Harris,summer51@hotmail.com,"PSC 5614, Box 3464
APO AA 07581",001-635-762-8028x218,-
Jessica Wood,matthewking@yahoo.com,"947 Floyd Stream Suite 470
New Alexander, OH 20659",(242)563-8821x5057,-
Peter Shelton,jacobfernandez@gmail.com,"146 Bentley Crossroad Suite 148
West Anna, DE 70147",(584)415-1770x25504,-
Julie Vasquez,denise86@hotmail.com,"030 Trujillo Light Apt. 582
North Gary, OR 69882",673-460-5674,-
Amber Dawson,elijah86@yahoo.com,"68227 Matthew Centers
Carolynstad, AS 87537",(247)532-6364x249,-
Samantha Rice,gomezlee@yahoo.com,"3868 Katrina Stream
Williamschester, GA 69663",920-884-4289,-
Crystal Robinson,rebecca92@yahoo.com,"0064 Martinez Drives Suite 227
East Leslie, MN 95256",7767844057,-
Hannah Duncan,ambermyers@gmail.com,"538 Spencer Throughway Suite 175
Marcusfort, AR 42376",655-859-9206,-
Timothy Parker,dillonmoss@hotmail.com,"05361 Nathan Throughway Suite 367
South Clifford, ID 25593",001-381-809-2467x117,-
Heather Moyer,dickersonjohn@gmail.com,"184 Fisher Plains
South Aliceshire, CA 14188",9547668576,-
Christina Olson,karla90@yahoo.com,"20951 Smith Road Suite 591
New Tyler, IL 19134",001-486-982-0094,-
Terry Romero,davismark@yahoo.com,"010 Mills Station
Jasonchester, DC 39300",(514)613-6669x64439,-
Omar Walker,halljessica@gmail.com,"30997 Taylor Port
Heidiside, ME 06377",462.369.2127,-
Andrew Williams,pattersoncatherine@gmail.com,"71758 Montgomery Fort
North Ronaldchester, NH 40101",8953309241,-
Lisa Daniel,stevenmcgrath@yahoo.com,"5990 Jeremy Stravenue
South Joshua, PR 77539",+1-475-960-6667x921,-
Maurice Conley,dlyons@gmail.com,"8512 Davis Freeway
Paigeborough, MP 02471",221-697-3613,-
Anna Hobbs,ashley94@gmail.com,"094 Laura Rest
Port Markside, WI 49066",001-953-616-9598x92612,-
Amanda Wagner,victoriasnyder@hotmail.com,"4083 Lawrence Mills Suite 200
West Amandaport, MT 74113",299.222.7986x066,-
Carla Crane,david87@gmail.com,"445 Christine Mission Apt. 040
Tiffanystad, OR 31709",001-660-949-5992,-
James Wright,amyweaver@yahoo.com,"581 Curtis Prairie
North Timborough, GU 58012",507.266.5976x41992,-
Anne Cook,shawnnelson@gmail.com,"5750 Barrett Lane Apt. 870
Santosfurt, NV 27474",298.900.1015,-
Stephanie Thornton,shirleywells@yahoo.com,"8401 Jonathan Turnpike
Jacobstad, SC 34439",001-389-229-1031x060,-
Jason Vincent,carterjessica@gmail.com,"467 William Viaduct
Lindabury, IL 55024",248.784.0012,-
Austin Norman,vaughanheather@hotmail.com,"PSC 0488, Box 4112
APO AE 10536",001-396-660-4251x030,-
Stacy Hernandez,maytiffany@yahoo.com,"USS Yates
FPO AA 70224",301-834-7263x409,-
Kathryn Yates,ymartin@yahoo.com,"77863 Kelly Skyway Suite 383
Mullinston, OK 00728",385.780.4862x3864,-
Mary Warren,aaron17@yahoo.com,"12551 Lane Forges
Perrytown, UT 23450",(454)611-7050x634,-
Jason Edwards,brianna14@hotmail.com,"238 Perry Glen
South Elizabethton, CA 37518",351.328.0291,-
Dillon Booker,april78@yahoo.com,"USCGC Ortiz
FPO AA 68337",766.444.1015x92313,-
Ryan Smith,finleychelsea@gmail.com,"55274 Jimenez Green
Lake Brian, MD 90486",6804125362,-
Shannon Guzman,julie05@hotmail.com,"941 Mark Spur Apt. 456
South Miketown, DE 07589",001-540-686-8814x350,-
Jordan Mejia,nathanlittle@hotmail.com,"34325 Angela Crossing
West Teresa, AL 74737",298.230.4288,-
Natasha Arnold,berickson@hotmail.com,"32833 Scott Haven Apt. 962
Davidfort, PW 83586",3074644346,-
Bobby Greene,travis56@yahoo.com,"0284 Martin Isle Suite 317
South Laurachester, OK 22024",(270)508-8785x443,-
Todd Hinton,maloneandrea@hotmail.com,"810 Todd Trail Suite 381
Stephaniebury, KS 84874",+1-572-443-4257x666,-
Wayne Butler,adam95@yahoo.com,"PSC 8901, Box 0470
APO AA 33136",353.578.9779,-
Don Warren,jennifer38@hotmail.com,"871 Huber Mountain Apt. 597
Bellfurt, TN 59227",731-614-2560,-
Kelli Moreno,qwilson@hotmail.com,"035 Robert Mill
North Robertshire, MO 74932",001-872-225-1010,-
Albert Juarez,urogers@yahoo.com,"569 Timothy Stravenue Suite 986
Johnsonchester, MH 72331",220.737.5430,-
Matthew Fowler,kimberly48@hotmail.com,"8170 Ian Field Apt. 389
Jensenborough, MI 49488",563-201-4566,-
Jenna Williams,sandramoody@yahoo.com,"713 House Curve Suite 789
Port Deborahmouth, IA 86327",366.245.0127x212,-
Anthony Hardy,walter85@yahoo.com,"13959 Roger Mountain
East Trevor, PR 90455",9164312351,-
Jessica Smith,benjaminflowers@hotmail.com,"60742 Dustin Course
Marthaberg, DE 06517",246-595-4544,-
Jessica Vance,flemingjohn@hotmail.com,"USNS Rodriguez
FPO AP 34351",7329541200,-
Rebecca Wells,kristigibson@hotmail.com,"13754 Daniel Falls
North Tammy, HI 70353",(208)307-2353x96975,-
Jennifer Richards,zachary26@hotmail.com,"1271 Amber Inlet Suite 442
North Savannahmouth, NE 28159",600.213.6579x46156,-
Carla Francis,riverathomas@hotmail.com,"3999 Joanna Drive
Levybury, PR 16471",001-281-207-8656x7922,-
